recv_time,t_send,latency_ms,inter_arrival_ms,n_drones,payload_bytes
1783401814.3842807,1783401814.3835788,0.701904296875,,0,60
1783401814.4247506,1783401814.4247506,0.0,40.46988487243652,0,60
1783401814.4648178,1783401814.4648178,0.0,40.067195892333984,0,60
1783401814.5267196,1783401814.5267196,0.0,61.90180778503418,0,60
1783401814.5879393,1783401814.5879393,0.0,61.21969223022461,0,60
1783401814.6491969,1783401814.6491969,0.0,61.25760078430176,0,60
1783401814.6903481,1783401814.6903481,0.0,41.15128517150879,0,60
1783401814.7320297,1783401814.7320297,0.0,41.681528091430664,0,60
1783401814.792934,1783401814.7924173,0.5166530609130859,60.90426445007324,0,60
1783401814.8546374,1783401814.8546374,0.0,61.70344352722168,0,60
1783401814.9141862,1783401814.9141862,0.0,59.54885482788086,0,60
1783401814.9664044,1783401814.9664044,0.0,52.21819877624512,0,60
1783401815.0289452,1783401815.0289452,0.0,62.54076957702637,0,60
1783401815.0902674,1783401815.0902674,0.0,61.32221221923828,0,60
1783401815.1512554,1783401815.1512554,0.0,60.98794937133789,0,60
1783401815.214189,1783401815.214189,0.0,62.93368339538574,0,59
1783401815.2757955,1783401815.2757955,0.0,61.606407165527344,0,60
1783401815.336891,1783401815.336891,0.0,61.095476150512695,0,59
1783401815.376942,1783401815.3759406,1.0013580322265625,40.05098342895508,0,60
1783401815.4178421,1783401815.4178421,0.0,40.900230407714844,0,60
1783401815.4792163,1783401815.4792163,0.0,61.37418746948242,0,60
1783401815.5395038,1783401815.5395038,0.0,60.2874755859375,0,60
1783401815.5808098,1783401815.5808098,0.0,41.3060188293457,0,60
1783401815.6228523,1783401815.622341,0.5114078521728516,42.04249382019043,0,59
1783401815.6839445,1783401815.6839445,0.0,61.09213829040527,0,60
1783401815.7446594,1783401815.7446594,0.0,60.7149600982666,0,60
1783401815.8067381,1783401815.8067381,0.0,62.07871437072754,0,60
1783401815.867142,1783401815.867142,0.0,60.40382385253906,0,59
1783401815.9020429,1783401815.9020429,0.0,34.90090370178223,0,60
1783401815.949883,1783401815.94888,1.0030269622802734,47.840118408203125,0,58
1783401815.99981,1783401815.99981,0.0,49.9269962310791,0,58
1783401816.0467207,1783401816.0467207,0.0,46.910762786865234,0,60
1783401816.0894797,1783401816.0894797,0.0,42.758941650390625,0,60
1783401816.1361861,1783401816.1361861,0.0,46.706438064575195,0,60
1783401816.18302,1783401816.18302,0.0,46.83399200439453,0,58
1783401816.23399,1783401816.2332363,0.7536411285400391,50.969839096069336,0,60
1783401816.280819,1783401816.2798193,0.9996891021728516,46.8289852142334,0,60
1783401816.3231304,1783401816.3231304,0.0,42.31142997741699,0,60
1783401816.3704746,1783401816.3704746,0.0,47.344207763671875,0,60
1783401816.4166248,1783401816.4166248,0.0,46.15020751953125,0,60
1783401816.4681711,1783401816.4671702,1.0008811950683594,51.546335220336914,0,60
1783401816.514876,1783401816.5138688,1.007080078125,46.704769134521484,0,60
1783401816.5651014,1783401816.5651014,0.0,50.22549629211426,0,60
1783401816.6039534,1783401816.6039534,0.0,38.85197639465332,0,60
1783401816.651249,1783401816.651249,0.0,47.295570373535156,0,59
1783401816.70129,1783401816.70129,0.0,50.04096031188965,0,58
1783401816.7484298,1783401816.7469385,1.4913082122802734,47.139883041381836,0,60
1783401816.799098,1783401816.798095,1.0030269622802734,50.66823959350586,0,59
1783401816.845818,1783401816.8448164,1.001596450805664,46.720027923583984,0,60
1783401816.8848703,1783401816.8848703,0.0,39.05224800109863,0,60
1783401816.9351428,1783401816.9351428,0.0,50.272464752197266,0,60
1783401816.9819732,1783401816.9814696,0.5035400390625,46.83041572570801,0,60
1783401817.0319967,1783401817.0319967,0.0,50.023555755615234,0,60
1783401817.0796614,1783401817.0786583,1.0030269622802734,47.664642333984375,0,60
1783401817.1213691,1783401817.1213691,0.0,41.707754135131836,0,60
1783401817.1690147,1783401817.1680148,0.9999275207519531,47.64556884765625,0,60
1783401817.2160127,1783401817.2150128,0.9999275207519531,46.998023986816406,1,338
1783401817.266834,1783401817.2658322,1.0018348693847656,50.82130432128906,1,480
1783401817.312962,1783401817.312962,0.0,46.128034591674805,1,479
1783401817.355945,1783401817.355945,0.0,42.983055114746094,1,478
1783401817.4031246,1783401817.4021177,1.0068416595458984,47.179460525512695,1,481
1783401817.4488664,1783401817.4488664,0.0,45.74179649353027,1,479
1783401817.4963267,1783401817.495327,0.9996891021728516,47.460317611694336,1,479
1783401817.5421906,1783401817.5421906,0.0,45.86386680603027,1,485
1783401817.5892494,1783401817.5892494,0.0,47.058820724487305,1,483
1783401817.6360304,1783401817.6360304,0.0,46.781063079833984,1,482
1783401817.6822064,1783401817.6822064,0.0,46.17595672607422,1,482
1783401817.7340434,1783401817.7332928,0.7505416870117188,51.83696746826172,1,476
1783401817.776379,1783401817.776379,0.0,42.33574867248535,1,480
1783401817.8229465,1783401817.8229465,0.0,46.567440032958984,1,481
1783401817.8706837,1783401817.8696816,1.0020732879638672,47.73712158203125,1,479
1783401817.9161108,1783401817.9161108,0.0,45.42708396911621,1,478
1783401817.9634647,1783401817.9634647,0.0,47.35398292541504,1,478
1783401818.0108485,1783401818.009848,1.0004043579101562,47.383785247802734,1,478
1783401818.0613437,1783401818.0603452,0.9984970092773438,50.495147705078125,1,481
1783401818.103634,1783401818.103634,0.0,42.290449142456055,1,480
1783401818.153978,1783401818.153978,0.0,50.343990325927734,1,478
1783401818.2008615,1783401818.2008615,0.0,46.883344650268555,1,481
1783401818.2479908,1783401818.246987,1.0037422180175781,47.12939262390137,1,477
1783401818.298934,1783401818.298934,0.0,50.94313621520996,1,478
1783401818.3408778,1783401818.3408778,0.0,41.94378852844238,1,482
1783401818.3880656,1783401818.3880656,0.0,47.18780517578125,1,479
1783401818.4346154,1783401818.4346154,0.0,46.54979705810547,1,476
1783401818.4807546,1783401818.4807546,0.0,46.13924026489258,1,480
1783401818.5321927,1783401818.5321927,0.0,51.438093185424805,1,477
1783401818.5793145,1783401818.5783122,1.0023117065429688,47.12176322937012,1,478
1783401818.6221137,1783401818.620607,1.506805419921875,42.79923439025879,1,470
1783401818.6688983,1783401818.6678996,0.9987354278564453,46.78463935852051,1,471
1783401818.7155635,1783401818.7145603,1.003265380859375,46.665191650390625,1,472
1783401818.7608545,1783401818.7608545,0.0,45.29094696044922,1,470
1783401818.8087614,1783401818.8077586,1.0027885437011719,47.90687561035156,1,469
1783401818.8555126,1783401818.8555126,0.0,46.75126075744629,1,470
1783401818.9022934,1783401818.9007893,1.5041828155517578,46.78082466125488,1,467
1783401818.9491107,1783401818.9491107,0.0,46.81730270385742,1,469
1783401818.99981,1783401818.9988081,1.0018348693847656,50.69923400878906,1,473
1783401819.045832,1783401819.045832,0.0,46.02193832397461,1,470
1783401819.0893211,1783401819.088321,1.0001659393310547,43.48921775817871,1,477
1783401819.1359253,1783401819.1359253,0.0,46.604156494140625,1,471
1783401819.183133,1783401819.1826267,0.5061626434326172,47.20759391784668,1,472
1783401819.2292187,1783401819.2292187,0.0,46.08583450317383,1,474
1783401819.2800028,1783401819.2800028,0.0,50.78411102294922,1,472
1783401819.322874,1783401819.322874,0.0,42.87123680114746,1,471
1783401819.3700426,1783401819.3700426,0.0,47.16849327087402,1,475
1783401819.4198296,1783401819.4198296,0.0,49.787044525146484,1,470
1783401819.466848,1783401819.466848,0.0,47.01828956604004,1,473
1783401819.5131373,1783401819.5131373,0.0,46.28944396972656,1,471
1783401819.556869,1783401819.556869,0.0,43.731689453125,1,472
1783401819.6040506,1783401819.6040506,0.0,47.18160629272461,1,469
1783401819.6539874,1783401819.6539874,0.0,49.936771392822266,1,473
1783401819.70064,1783401819.70064,0.0,46.65255546569824,1,470
1783401819.7480228,1783401819.7470236,0.9992122650146484,47.38283157348633,1,472
1783401819.7980127,1783401819.7980127,0.0,49.989938735961914,1,470
1783401819.8450403,1783401819.8440351,1.0051727294921875,47.027587890625,1,471
1783401819.888556,1783401819.8875566,0.99945068359375,43.515682220458984,1,467
1783401819.9345863,1783401819.9335794,1.0068416595458984,46.030282974243164,1,469
1783401819.9812648,1783401819.9812648,0.0,46.67854309082031,1,471
1783401820.0279458,1783401820.0279458,0.0,46.68092727661133,1,467
1783401820.0752242,1783401820.0742185,1.0056495666503906,47.278404235839844,1,467
1783401820.1222217,1783401820.1212213,1.0004043579101562,46.9975471496582,1,471
1783401820.1681468,1783401820.1681468,0.0,45.925140380859375,1,471
1783401820.2146375,1783401820.2146375,0.0,46.49066925048828,1,472
1783401820.2660882,1783401820.2650871,1.001119613647461,51.45072937011719,1,472
1783401820.3119714,1783401820.3119714,0.0,45.8831787109375,1,471
1783401820.3555622,1783401820.3545597,1.0025501251220703,43.59078407287598,1,475
1783401820.4019418,1783401820.4019418,0.0,46.37956619262695,1,469
1783401820.4483538,1783401820.4483538,0.0,46.411991119384766,1,469
1783401820.495569,1783401820.4945705,0.9984970092773438,47.21522331237793,1,469
1783401820.5464969,1783401820.5454953,1.001596450805664,50.92787742614746,1,470
1783401820.589014,1783401820.589014,0.0,42.51718521118164,1,470
1783401820.6354718,1783401820.6354718,0.0,46.457767486572266,1,471
1783401820.6821544,1783401820.6821544,0.0,46.68259620666504,1,468
1783401820.7339003,1783401820.7328954,1.004934310913086,51.74589157104492,1,472
1783401820.7755225,1783401820.7755225,0.0,41.622161865234375,1,471
1783401820.8308392,1783401820.8308392,0.0,55.31668663024902,1,471
1783401820.870999,1783401820.8700001,0.9989738464355469,40.15994071960449,1,472
1783401820.9165943,1783401820.9165943,0.0,45.59516906738281,1,473
1783401820.9668145,1783401820.9668145,0.0,50.22025108337402,1,472
1783401821.0143018,1783401821.0132654,1.0364055633544922,47.48725891113281,1,469
1783401821.0646899,1783401821.063684,1.0058879852294922,50.38809776306152,1,470
1783401821.10363,1783401821.10363,0.0,38.9401912689209,1,467
1783401821.1540067,1783401821.1540067,0.0,50.37665367126465,1,470
1783401821.2011945,1783401821.2001953,0.9992122650146484,47.18780517578125,1,469
1783401821.2479606,1783401821.2469518,1.008749008178711,46.766042709350586,1,470
1783401821.2946165,1783401821.2936096,1.0068416595458984,46.655893325805664,1,469
1783401821.340762,1783401821.340762,0.0,46.14543914794922,1,469
1783401821.3875015,1783401821.3875015,0.0,46.73957824707031,1,468
1783401821.434968,1783401821.433961,1.007080078125,47.46651649475098,1,468
1783401821.4806602,1783401821.4806602,0.0,45.69220542907715,1,469
1783401821.5320632,1783401821.5320632,0.0,51.403045654296875,1,468
1783401821.5787592,1783401821.5787592,0.0,46.69594764709473,1,470
1783401821.6198866,1783401821.6198866,0.0,41.12744331359863,1,469
1783401821.667875,1783401821.667875,0.0,47.9884147644043,1,471
1783401821.7156632,1783401821.7146652,0.9980201721191406,47.788143157958984,1,472
1783401821.7621872,1783401821.760683,1.5041828155517578,46.5240478515625,1,470
1783401821.8081386,1783401821.8081386,0.0,45.95136642456055,1,474
1783401821.854994,1783401821.854994,0.0,46.85544967651367,1,469
1783401821.9014268,1783401821.9014268,0.0,46.4327335357666,1,473
1783401821.948718,1783401821.9477162,1.0018348693847656,47.29127883911133,1,470
1783401821.9989076,1783401821.9989076,0.0,50.18949508666992,1,470
1783401822.042321,1783401822.042321,0.0,43.413400650024414,1,471
1783401822.0889869,1783401822.0889869,0.0,46.66590690612793,1,467
1783401822.136164,1783401822.135163,1.0008811950683594,47.17707633972168,1,472
1783401822.183131,1783401822.1821265,1.0044574737548828,46.9670295715332,1,465
1783401822.2332504,1783401822.232247,1.003265380859375,50.11940002441406,1,470
1783401822.2793689,1783401822.2793689,0.0,46.11849784851074,1,465
1783401822.3229823,1783401822.3229823,0.0,43.613433837890625,1,469
1783401822.3699484,1783401822.3699484,0.0,46.9660758972168,1,471
1783401822.4201622,1783401822.419161,1.001119613647461,50.21381378173828,1,470
1783401822.4632616,1783401822.4632616,0.0,43.099403381347656,1,473
1783401822.513877,1783401822.5131385,0.7383823394775391,50.61531066894531,1,472
1783401822.5600338,1783401822.5600338,0.0,46.156883239746094,1,469
1783401822.6072862,1783401822.6062832,1.0030269622802734,47.25241661071777,1,472
1783401822.653884,1783401822.65316,0.7238388061523438,46.59771919250488,1,471
1783401822.700888,1783401822.6998875,1.0004043579101562,47.003984451293945,1,472
1783401822.7474997,1783401822.7464948,1.004934310913086,46.611785888671875,1,471
1783401822.7975867,1783401822.7975867,0.0,50.08697509765625,1,473
1783401822.8442445,1783401822.8442445,0.0,46.65780067443848,1,470
1783401822.8878675,1783401822.8868546,1.0128021240234375,43.62297058105469,1,451
1783401822.9338224,1783401822.9338224,0.0,45.95494270324707,1,467
1783401822.9811263,1783401822.9801233,1.0030269622802734,47.30391502380371,1,469
1783401823.0273788,1783401823.0273788,0.0,46.25248908996582,1,466
1783401823.0780554,1783401823.0780554,0.0,50.676584243774414,1,466
1783401823.1209316,1783401823.1209316,0.0,42.876243591308594,1,464
1783401823.168049,1783401823.1670477,1.0013580322265625,47.11747169494629,1,467
1783401823.2144732,1783401823.2144732,0.0,46.424150466918945,1,469
1783401823.2650173,1783401823.2650173,0.0,50.544023513793945,1,465
1783401823.3076599,1783401823.3076599,0.0,42.64259338378906,1,466
1783401823.3543005,1783401823.3543005,0.0,46.640634536743164,1,466
1783401823.4013638,1783401823.4013638,0.0,47.063350677490234,1,465
1783401823.4511883,1783401823.4511883,0.0,49.82447624206543,1,465
1783401823.4973974,1783401823.4973974,0.0,46.209096908569336,1,466
1783401823.544613,1783401823.544613,0.0,47.21546173095703,1,462
1783401823.5953457,1783401823.5953457,0.0,50.73285102844238,1,465
1783401823.6414332,1783401823.6414332,0.0,46.08750343322754,1,467
1783401823.684832,1783401823.684832,0.0,43.39885711669922,1,467
1783401823.7305906,1783401823.7305906,0.0,45.75848579406738,1,470
1783401823.7779415,1783401823.7769432,0.9982585906982422,47.35088348388672,1,469
1783401823.8243136,1783401823.8243136,0.0,46.372175216674805,1,468
1783401823.8719575,1783401823.8709571,1.0004043579101562,47.64389991760254,1,468
1783401823.917609,1783401823.917609,0.0,45.65143585205078,1,465
1783401823.965018,1783401823.9640133,1.0046958923339844,47.4090576171875,1,467
1783401824.0113847,1783401824.0103836,1.001119613647461,46.36669158935547,1,468
1783401824.0621514,1783401824.0606482,1.5032291412353516,50.766706466674805,1,469
1783401824.108018,1783401824.108018,0.0,45.86648941040039,1,470
1783401824.150913,1783401824.150913,0.0,42.89507865905762,1,465
1783401824.1975608,1783401824.1975608,0.0,46.64778709411621,1,466
1783401824.2441893,1783401824.2441893,0.0,46.628475189208984,1,466
1783401824.2913392,1783401824.2913392,0.0,47.1498966217041,1,467
1783401824.340773,1783401824.340773,0.0,49.43394660949707,1,463
1783401824.3885453,1783401824.3874285,1.1167526245117188,47.77216911315918,1,467
1783401824.4390702,1783401824.4380705,0.9996891021728516,50.52495002746582,1,465
1783401824.4814074,1783401824.4804053,1.0020732879638672,42.33717918395996,1,468
1783401824.527818,1783401824.527818,0.0,46.410560607910156,1,463
1783401824.5746262,1783401824.5736215,1.0046958923339844,46.80824279785156,1,464
1783401824.624566,1783401824.624566,0.0,49.939870834350586,1,465
1783401824.667976,1783401824.666978,0.9980201721191406,43.40982437133789,1,464
1783401824.7140493,1783401824.7140493,0.0,46.07343673706055,1,467
1783401824.7607083,1783401824.7607083,0.0,46.658992767333984,1,466
1783401824.8077664,1783401824.806765,1.0013580322265625,47.05810546875,1,463
1783401824.8574054,1783401824.8574054,0.0,49.638986587524414,1,463
1783401824.9047291,1783401824.9040332,0.6959438323974609,47.32370376586914,1,464
1783401824.9552217,1783401824.954224,0.9975433349609375,50.49252510070801,1,461
1783401825.001095,1783401825.001095,0.0,45.873403549194336,1,464
1783401825.0438669,1783401825.0438669,0.0,42.77181625366211,1,465
1783401825.091333,1783401825.0903249,1.0080337524414062,47.46603965759277,1,463
1783401825.1368716,1783401825.1368716,0.0,45.53866386413574,1,465
1783401825.1843672,1783401825.183191,1.1761188507080078,47.49560356140137,1,464
1783401825.2309217,1783401825.2299216,1.0001659393310547,46.5545654296875,1,461
1783401825.2770073,1783401825.2770073,0.0,46.08559608459473,1,464
1783401825.323899,1783401825.3228922,1.0068416595458984,46.89168930053711,1,464
1783401825.3700793,1783401825.3700793,0.0,46.18024826049805,1,467
1783401825.4213448,1783401825.420347,0.9977817535400391,51.26547813415527,1,466
1783401825.4670818,1783401825.4670818,0.0,45.73702812194824,1,466
1783401825.5183098,1783401825.5173051,1.0046958923339844,51.22804641723633,1,469
1783401825.564142,1783401825.564142,0.0,45.832157135009766,1,467
1783401825.6068041,1783401825.6068041,0.0,42.66214370727539,1,466
1783401825.6539845,1783401825.6533418,0.6427764892578125,47.1804141998291,1,465
1783401825.7003343,1783401825.6993322,1.0020732879638672,46.34976387023926,1,469
1783401825.7467828,1783401825.7467828,0.0,46.448469161987305,1,467
1783401825.7975957,1783401825.7965965,0.9992122650146484,50.81295967102051,1,466
1783401825.8402872,1783401825.8392868,1.0004043579101562,42.69146919250488,1,467
1783401825.8867958,1783401825.8857925,1.003265380859375,46.5085506439209,1,468
1783401825.9328048,1783401825.9328048,0.0,46.009063720703125,1,470
1783401825.9836218,1783401825.9836218,0.0,50.817012786865234,1,464
1783401826.026902,1783401826.0259008,1.001119613647461,43.28012466430664,1,468
1783401826.0729303,1783401826.072425,0.5054473876953125,46.02837562561035,1,464
1783401826.119295,1783401826.119295,0.0,46.364545822143555,1,465
1783401826.169889,1783401826.169889,0.0,50.59409141540527,1,467
1783401826.2159173,1783401826.2159173,0.0,46.02837562561035,1,467
1783401826.2628915,1783401826.2628915,0.0,46.97418212890625,1,470
1783401826.3135586,1783401826.3135586,0.0,50.66704750061035,1,465
1783401826.3597784,1783401826.3597784,0.0,46.219825744628906,1,468
1783401826.4029148,1783401826.4024017,0.5130767822265625,43.1363582611084,1,470
1783401826.4492958,1783401826.4492958,0.0,46.38099670410156,1,472
1783401826.496067,1783401826.4950638,1.003265380859375,46.77128791809082,1,472
1783401826.542969,1783401826.5424511,0.5178451538085938,46.90194129943848,1,467
1783401826.5892522,1783401826.5882483,1.0039806365966797,46.28324508666992,1,469
1783401826.6360373,1783401826.6350312,1.0061264038085938,46.78511619567871,1,471
1783401826.6822047,1783401826.6822047,0.0,46.16737365722656,1,470
1783401826.73223,1783401826.73223,0.0,50.025224685668945,1,467
1783401826.7795863,1783401826.7780828,1.5034675598144531,47.356367111206055,1,467
1783401826.8258848,1783401826.8248823,1.0025501251220703,46.29850387573242,1,472
1783401826.8769245,1783401826.875926,0.9984970092773438,51.039695739746094,1,465
1783401826.9228325,1783401826.9228325,0.0,45.90797424316406,1,465
1783401826.965562,1783401826.965562,0.0,42.72961616516113,1,468
1783401827.0120142,1783401827.0120142,0.0,46.45204544067383,1,467
1783401827.0591807,1783401827.0581806,1.0001659393310547,47.16658592224121,1,466
1783401827.1057312,1783401827.1047282,1.0030269622802734,46.55051231384277,1,462
1783401827.1561606,1783401827.1551592,1.0013580322265625,50.429344177246094,1,465
1783401827.1984708,1783401827.1984708,0.0,42.310237884521484,1,449
1783401827.2450793,1783401827.2450793,0.0,46.60844802856445,1,478
1783401827.292157,1783401827.2911541,1.0027885437011719,47.07765579223633,1,476
1783401827.342902,1783401827.3423884,0.5135536193847656,50.74501037597656,1,477
1783401827.3886592,1783401827.3886592,0.0,45.757293701171875,1,478
1783401827.4362037,1783401827.435207,0.9968280792236328,47.54447937011719,1,478
1783401827.4790387,1783401827.4790387,0.0,42.83499717712402,1,480
1783401827.5294213,1783401827.5284224,0.9989738464355469,50.38261413574219,1,479
1783401827.5752745,1783401827.5752745,0.0,45.8531379699707,1,479
1783401827.6222467,1783401827.6207435,1.5032291412353516,46.97227478027344,1,478
1783401827.6722867,1783401827.6722867,0.0,50.04000663757324,1,480
1783401827.71864,1783401827.71864,0.0,46.35334014892578,1,474
1783401827.761073,1783401827.761073,0.0,42.43302345275879,1,472
1783401827.8083506,1783401827.8083506,0.0,47.27745056152344,1,477
1783401827.8546724,1783401827.8546724,0.0,46.321868896484375,1,476
1783401827.9022048,1783401827.9011984,1.0063648223876953,47.53232002258301,1,476
1783401827.9483097,1783401827.9473076,1.0020732879638672,46.10490798950195,1,472
1783401827.9990628,1783401827.9980621,1.0006427764892578,50.753116607666016,1,468
1783401828.0414581,1783401828.0414581,0.0,42.39535331726074,1,472
1783401828.0923324,1783401828.0913482,0.98419189453125,50.87423324584961,1,473
1783401828.138819,1783401828.1378155,1.0035037994384766,46.486616134643555,1,473
1783401828.185275,1783401828.185275,0.0,46.456098556518555,1,472
1783401828.2349668,1783401828.2349668,0.0,49.69167709350586,1,479
1783401828.282495,1783401828.281494,1.001119613647461,47.52826690673828,1,478
1783401828.3250694,1783401828.324064,1.005411148071289,42.574405670166016,1,487
1783401828.3722048,1783401828.370701,1.5037059783935547,47.135353088378906,1,469
1783401828.417675,1783401828.417675,0.0,45.470237731933594,1,477
1783401828.4656346,1783401828.464635,0.9996891021728516,47.95956611633301,1,471
1783401828.5145736,1783401828.5145736,0.0,48.93898963928223,1,479
1783401828.5579965,1783401828.5569952,1.0013580322265625,43.42293739318848,1,474
1783401828.6040735,1783401828.6040735,0.0,46.07701301574707,1,476
1783401828.6506355,1783401828.6506355,0.0,46.56195640563965,1,469
1783401828.7010329,1783401828.7010329,0.0,50.397396087646484,1,477
1783401828.7475574,1783401828.7475574,0.0,46.5245246887207,1,467
1783401828.798484,1783401828.797478,1.0061264038085938,50.92668533325195,1,476
1783401828.8413088,1783401828.8413088,0.0,42.824745178222656,1,466
1783401828.8879292,1783401828.886927,1.0023117065429688,46.62036895751953,1,478
1783401828.9345937,1783401828.9345937,0.0,46.66447639465332,1,473
1783401828.9807184,1783401828.9807184,0.0,46.12469673156738,1,476
1783401829.0309627,1783401829.0309627,0.0,50.24433135986328,1,474
1783401829.0776715,1783401829.0776715,0.0,46.70882225036621,1,474
1783401829.1207452,1783401829.1207452,0.0,43.07365417480469,1,469
1783401829.1669092,1783401829.1669092,0.0,46.16403579711914,1,474
1783401829.2136552,1783401829.2136552,0.0,46.746015548706055,1,477
1783401829.260362,1783401829.260362,0.0,46.7066764831543,1,465
1783401829.3070755,1783401829.3070755,0.0,46.71359062194824,1,473
1783401829.3536515,1783401829.3536515,0.0,46.57602310180664,1,474
1783401829.4006944,1783401829.4006944,0.0,47.0428466796875,1,464
1783401829.4506545,1783401829.4506545,0.0,49.96013641357422,1,461
1783401829.497604,1783401829.496598,1.0058879852294922,46.94938659667969,1,465
1783401829.543937,1783401829.543937,0.0,46.33307456970215,1,464
1783401829.5942144,1783401829.5942144,0.0,50.2774715423584,1,459
1783401829.6407387,1783401829.6407387,0.0,46.5242862701416,1,474
1783401829.6835942,1783401829.6835942,0.0,42.85550117492676,1,474
1783401829.7297838,1783401829.7297838,0.0,46.18954658508301,1,467
1783401829.7773051,1783401829.7763062,0.9989738464355469,47.521352767944336,1,465
1783401829.8242302,1783401829.8235402,0.6899833679199219,46.92506790161133,1,472
1783401829.875608,1783401829.8746088,0.9992122650146484,51.37777328491211,1,464
1783401829.9171798,1783401829.916181,0.9987354278564453,41.571855545043945,1,466
1783401829.96384,1783401829.96384,0.0,46.66018486022949,1,471
1783401830.0132232,1783401830.0132232,0.0,49.38316345214844,1,468
1783401830.0601158,1783401830.0601158,0.0,46.892642974853516,1,475
1783401830.1068208,1783401830.1068208,0.0,46.705007553100586,1,474
1783401830.157907,1783401830.1569078,0.9992122650146484,51.0861873626709,1,467
1783401830.2000368,1783401830.2000368,0.0,42.1297550201416,1,473
1783401830.2473571,1783401830.2463567,1.0004043579101562,47.32036590576172,1,471
1783401830.2934139,1783401830.2934139,0.0,46.05674743652344,1,473
1783401830.340094,1783401830.340094,0.0,46.68021202087402,1,474
1783401830.3909416,1783401830.389944,0.9975433349609375,50.847530364990234,1,465
1783401830.4373772,1783401830.4363766,1.0006427764892578,46.43559455871582,1,467
1783401830.4795864,1783401830.4795864,0.0,42.20914840698242,1,465
1783401830.526347,1783401830.526347,0.0,46.76055908203125,1,472
1783401830.576804,1783401830.5758057,0.9982585906982422,50.457000732421875,1,474
1783401830.6231093,1783401830.6231093,0.0,46.30541801452637,1,466
1783401830.6661172,1783401830.6661172,0.0,43.007850646972656,1,467
1783401830.7166004,1783401830.7155974,1.0030269622802734,50.48322677612305,1,466
1783401830.763158,1783401830.7621493,1.008749008178711,46.55766487121582,1,464
1783401830.8099103,1783401830.8089118,0.9984970092773438,46.752214431762695,1,483
1783401830.856593,1783401830.8555884,1.0044574737548828,46.68259620666504,1,468
1783401830.9029734,1783401830.9019485,1.0249614715576172,46.38051986694336,1,475
1783401830.952898,1783401830.952898,0.0,49.924612045288086,1,462
1783401831.0006518,1783401830.999655,0.9968280792236328,47.75381088256836,1,466
1783401831.042921,1783401831.042921,0.0,42.269229888916016,1,466
1783401831.0890315,1783401831.0890315,0.0,46.11039161682129,1,465
1783401831.1361604,1783401831.135159,1.0013580322265625,47.128915786743164,1,465
1783401831.1828449,1783401831.1828449,0.0,46.68450355529785,1,465
1783401831.2338471,1783401831.232842,1.0051727294921875,51.00226402282715,1,477
1783401831.2758331,1783401831.2758331,0.0,41.98598861694336,1,475
1783401831.3229263,1783401831.3229263,0.0,47.09315299987793,1,476
1783401831.3742132,1783401831.3732054,1.0077953338623047,51.286935806274414,1,483
1783401831.4203296,1783401831.4203296,0.0,46.11635208129883,1,464
1783401831.463125,1783401831.463125,0.0,42.795419692993164,1,471
1783401831.5175357,1783401831.5175357,0.0,54.410696029663086,1,465
1783401831.557165,1783401831.557165,0.0,39.629220962524414,1,464
1783401831.6035323,1783401831.6035323,0.0,46.36740684509277,1,473
1783401831.6540618,1783401831.6540618,0.0,50.52947998046875,1,461
1783401831.7010643,1783401831.7000651,0.9992122650146484,47.002553939819336,1,466
1783401831.751277,1783401831.751277,0.0,50.21262168884277,1,464
1783401831.7981584,1783401831.7971573,1.001119613647461,46.88143730163574,1,474
1783401831.8412104,1783401831.84021,1.0004043579101562,43.051958084106445,1,461
1783401831.8876243,1783401831.8876243,0.0,46.41389846801758,1,475
1783401831.9348285,1783401831.933822,1.0066032409667969,47.20425605773926,1,475
1783401831.9812381,1783401831.9802365,1.001596450805664,46.40960693359375,1,467
1783401832.027824,1783401832.027824,0.0,46.585798263549805,1,467
1783401832.0742357,1783401832.0742357,0.0,46.411752700805664,1,472
1783401832.120936,1783401832.120936,0.0,46.700239181518555,1,466
1783401832.1678236,1783401832.1678236,0.0,46.88763618469238,1,468
1783401832.2193272,1783401832.2183266,1.0006427764892578,51.503658294677734,1,475
1783401832.265606,1783401832.265606,0.0,46.27871513366699,1,473
1783401832.307636,1783401832.307636,0.0,42.03009605407715,1,461
1783401832.355005,1783401832.355005,0.0,47.36900329589844,1,470
1783401832.401193,1783401832.401193,0.0,46.1878776550293,1,479
1783401832.4489458,1783401832.4479463,0.99945068359375,47.75285720825195,1,476
1783401832.4992092,1783401832.498212,0.9970664978027344,50.263404846191406,1,472
1783401832.5460114,1783401832.5450099,1.001596450805664,46.80228233337402,1,466
1783401832.5890827,1783401832.588082,1.0006427764892578,43.07126998901367,1,464
1783401832.6395464,1783401832.638542,1.0044574737548828,50.46367645263672,1,468
1783401832.6861572,1783401832.6846526,1.504659652709961,46.61083221435547,1,466
1783401832.7293603,1783401832.7293603,0.0,43.203115463256836,1,465
1783401832.7830756,1783401832.7830756,0.0,53.71522903442383,1,466
1783401832.8263319,1783401832.8263319,0.0,43.256282806396484,1,474
1783401832.873703,1783401832.8729377,0.7653236389160156,47.37114906311035,1,466
1783401832.9202335,1783401832.919234,0.99945068359375,46.53048515319824,1,474
1783401832.966512,1783401832.966512,0.0,46.27847671508789,1,477
1783401833.0169582,1783401833.0169582,0.0,50.446271896362305,1,476
1783401833.0638568,1783401833.0628507,1.0061264038085938,46.898603439331055,1,474
1783401833.1064577,1783401833.1064577,0.0,42.60087013244629,1,465
1783401833.153321,1783401833.1521268,1.1942386627197266,46.86331748962402,1,464
1783401833.1995208,1783401833.1995208,0.0,46.199798583984375,1,463
1783401833.2464561,1783401833.2464561,0.0,46.935319900512695,1,462
1783401833.2935274,1783401833.2935274,0.0,47.071218490600586,1,471
1783401833.3398447,1783401833.3398447,0.0,46.317338943481445,1,472
1783401833.387507,1783401833.386501,1.0058879852294922,47.66225814819336,1,471
1783401833.4335284,1783401833.4335284,0.0,46.021461486816406,1,465
1783401833.4845443,1783401833.4835408,1.0035037994384766,51.01585388183594,1,464
1783401833.5307627,1783401833.5307627,0.0,46.2183952331543,1,477
1783401833.5741396,1783401833.5731337,1.0058879852294922,43.376922607421875,1,478
1783401833.6208792,1783401833.6198816,0.9975433349609375,46.73957824707031,1,459
1783401833.668752,1783401833.6677556,0.9963512420654297,47.87278175354004,1,462
1783401833.7138898,1783401833.7138898,0.0,45.137882232666016,1,478
1783401833.7653022,1783401833.7642863,1.0159015655517578,51.412343978881836,1,470
1783401833.8080194,1783401833.8070188,1.0006427764892578,42.71721839904785,1,466
1783401833.854808,1783401833.853806,1.0020732879638672,46.788692474365234,1,462
1783401833.90096,1783401833.90096,0.0,46.15187644958496,1,467
1783401833.9521728,1783401833.9511695,1.003265380859375,51.21278762817383,1,462
1783401833.9949338,1783401833.9949338,0.0,42.76108741760254,1,470
1783401834.0492747,1783401834.0492747,0.0,54.34083938598633,1,463
1783401834.087898,1783401834.087898,0.0,38.62333297729492,1,463
1783401834.139432,1783401834.1384304,1.001596450805664,51.53393745422363,1,464
1783401834.1851234,1783401834.1851234,0.0,45.691490173339844,1,472
1783401834.2331035,1783401834.2320955,1.0080337524414062,47.98007011413574,1,462
1783401834.2830133,1783401834.2830133,0.0,49.90983009338379,1,461
1783401834.3297734,1783401834.3297734,0.0,46.76008224487305,1,462
1783401834.3729584,1783401834.3724425,0.5159378051757812,43.18499565124512,1,467
1783401834.4197698,1783401834.418764,1.0056495666503906,46.81134223937988,1,459
1783401834.4656537,1783401834.4656537,0.0,45.883893966674805,1,461
1783401834.513127,1783401834.5121212,1.0058879852294922,47.47343063354492,1,469
1783401834.558976,1783401834.558976,0.0,45.848846435546875,1,469
1783401834.606332,1783401834.606332,0.0,47.35612869262695,1,461
1783401834.6522155,1783401834.6522155,0.0,45.8834171295166,1,462
1783401834.6997206,1783401834.6997206,0.0,47.50514030456543,1,461
1783401834.7506008,1783401834.7496006,1.0001659393310547,50.88019371032715,1,470
1783401834.7978394,1783401834.7968373,1.0020732879638672,47.23858833312988,1,458
1783401834.8395472,1783401834.8395472,0.0,41.707754135131836,1,477
1783401834.8879194,1783401834.8869221,0.9973049163818359,48.37226867675781,1,460
1783401834.9332883,1783401834.9332883,0.0,45.36890983581543,1,472
1783401834.9809482,1783401834.9799454,1.0027885437011719,47.659873962402344,1,460
1783401835.030682,1783401835.030682,0.0,49.733877182006836,1,480
1783401835.0740502,1783401835.0740502,0.0,43.36810111999512,1,463
1783401835.1203537,1783401835.1203537,0.0,46.303510665893555,1,466
1783401835.167881,1783401835.1668777,1.003265380859375,47.527313232421875,1,469
1783401835.217437,1783401835.217437,0.0,49.55601692199707,1,465
1783401835.2607915,1783401835.2607915,0.0,43.35451126098633,1,465
1783401835.3072538,1783401835.3072538,0.0,46.462297439575195,1,468
1783401835.3548126,1783401835.3538058,1.0068416595458984,47.55878448486328,1,474
1783401835.4007852,1783401835.4007852,0.0,45.972585678100586,1,476
1783401835.4523113,1783401835.4513078,1.0035037994384766,51.52606964111328,1,476
1783401835.4989362,1783401835.4979322,1.0039806365966797,46.62489891052246,1,469
1783401835.5444863,1783401835.5444863,0.0,45.55010795593262,1,476
1783401835.5887249,1783401835.5882206,0.5042552947998047,44.23856735229492,1,469
1783401835.6386156,1783401835.6386156,0.0,49.890756607055664,1,466
1783401835.6858497,1783401835.6848428,1.0068416595458984,47.23405838012695,1,481
1783401835.7321613,1783401835.7321613,0.0,46.31161689758301,1,468
1783401835.7788167,1783401835.7788167,0.0,46.65541648864746,1,464
1783401835.8256125,1783401835.8256125,0.0,46.79584503173828,1,470
1783401835.8739762,1783401835.873238,0.7381439208984375,48.363685607910156,1,463
1783401835.9189515,1783401835.9189515,0.0,44.97528076171875,1,466
1783401835.9656692,1783401835.9656692,0.0,46.71764373779297,1,473
1783401836.016909,1783401836.016909,0.0,51.239728927612305,1,466
1783401836.063617,1783401836.0628548,0.7622241973876953,46.708106994628906,1,471
1783401836.1060596,1783401836.1060596,0.0,42.44256019592285,1,465
1783401836.153217,1783401836.15221,1.007080078125,47.15752601623535,1,464
1783401836.2002974,1783401836.1992967,1.0006427764892578,47.080278396606445,1,476
1783401836.2468848,1783401836.2458777,1.007080078125,46.587467193603516,1,479
1783401836.2971919,1783401836.2971919,0.0,50.30703544616699,1,473
1783401836.3393974,1783401836.3393974,0.0,42.2055721282959,1,472
1783401836.3872547,1783401836.3862586,0.9961128234863281,47.85728454589844,1,465
1783401836.4332197,1783401836.4332197,0.0,45.964956283569336,1,466
1783401836.4842808,1783401836.4842808,0.0,51.061153411865234,1,474
1783401836.5270572,1783401836.5270572,0.0,42.77634620666504,1,478
1783401836.5738227,1783401836.5738227,0.0,46.76556587219238,1,473
1783401836.6205502,1783401836.6195464,1.0037422180175781,46.72741889953613,1,467
1783401836.6680562,1783401836.667058,0.9982585906982422,47.506093978881836,1,471
1783401836.718146,1783401836.7171454,1.0006427764892578,50.08983612060547,1,475
1783401836.7652786,1783401836.7642758,1.0027885437011719,47.13249206542969,1,477
1783401836.8121393,1783401836.8121393,0.0,46.860694885253906,1,467
1783401836.85402,1783401836.85402,0.0,41.88084602355957,1,465
1783401836.900463,1783401836.900463,0.0,46.44298553466797,1,471
1783401836.952012,1783401836.950507,1.505136489868164,51.54895782470703,1,472
1783401836.9946823,1783401836.9946823,0.0,42.670249938964844,1,467
1783401837.0411754,1783401837.0411754,0.0,46.4930534362793,1,473
1783401837.0881777,1783401837.0881777,0.0,47.002315521240234,1,465
1783401837.138983,1783401837.138983,0.0,50.80533027648926,1,470
1783401837.185905,1783401837.1849048,1.0001659393310547,46.92196846008301,1,467
1783401837.2328892,1783401837.2308655,2.0236968994140625,46.984195709228516,1,480
1783401837.2829792,1783401837.2819722,1.007080078125,50.09007453918457,1,462
1783401837.3295531,1783401837.3285522,1.0008811950683594,46.57387733459473,1,475
1783401837.3728473,1783401837.3723295,0.5178451538085938,43.29419136047363,1,472
1783401837.4189987,1783401837.4189987,0.0,46.15139961242676,1,460
1783401837.4656594,1783401837.4656594,0.0,46.660661697387695,1,461
1783401837.5128841,1783401837.5123513,0.5328655242919922,47.22476005554199,1,471
1783401837.5630724,1783401837.5630724,0.0,50.188302993774414,1,478
1783401837.6066053,1783401837.6056082,0.9970664978027344,43.5328483581543,1,465
1783401837.6529202,1783401837.6524115,0.5087852478027344,46.31495475769043,1,464
1783401837.6994085,1783401837.6994085,0.0,46.488285064697266,1,459
1783401837.7507217,1783401837.7497168,1.004934310913086,51.313161849975586,1,462
1783401837.793218,1783401837.793218,0.0,42.4962043762207,1,459
1783401837.8400333,1783401837.8390326,1.0006427764892578,46.81539535522461,1,467
1783401837.887189,1783401837.8861907,0.9982585906982422,47.15561866760254,1,464
1783401837.9336333,1783401837.9331279,0.5054473876953125,46.44441604614258,1,464
1783401837.984805,1783401837.9838004,1.0046958923339844,51.17177963256836,1,463
1783401838.0308511,1783401838.0308511,0.0,46.04601860046387,1,465
1783401838.0741084,1783401838.0733128,0.7956027984619141,43.25723648071289,1,463
1783401838.1204123,1783401838.1204123,0.0,46.30398750305176,1,472
1783401838.167055,1783401838.167055,0.0,46.64254188537598,1,472
1783401838.2139862,1783401838.2139862,0.0,46.93126678466797,1,462
1783401838.260723,1783401838.260723,0.0,46.736955642700195,1,460
1783401838.306886,1783401838.306886,0.0,46.16284370422363,1,470
1783401838.355137,1783401838.354129,1.0080337524414062,48.25115203857422,1,472
1783401838.4038541,1783401838.4038541,0.0,48.71702194213867,1,466
1783401838.4521916,1783401838.4511933,0.9982585906982422,48.337459564208984,1,473
1783401838.4988866,1783401838.497885,1.001596450805664,46.69499397277832,1,472
1783401838.5412316,1783401838.5412316,0.0,42.34504699707031,1,473
1783401838.5952983,1783401838.5952983,0.0,54.06665802001953,1,473
1783401838.6351328,1783401838.6351328,0.0,39.83449935913086,1,466
1783401838.6824493,1783401838.6824493,0.0,47.316551208496094,1,465
1783401838.7320516,1783401838.7320516,0.0,49.60227012634277,1,467
1783401838.7789066,1783401838.7789066,0.0,46.85497283935547,1,473
1783401838.8298607,1783401838.8298607,0.0,50.95410346984863,1,473
1783401838.8731604,1783401838.872153,1.0073184967041016,43.29967498779297,1,467
1783401838.9188342,1783401838.9188342,0.0,45.67384719848633,1,474
1783401838.9657815,1783401838.9645925,1.1889934539794922,46.94724082946777,1,462
1783401839.0164478,1783401839.0164478,0.0,50.66633224487305,1,464
1783401839.059371,1783401839.05837,1.0008811950683594,42.9232120513916,1,474
1783401839.1061385,1783401839.1050234,1.1150836944580078,46.767473220825195,1,460
1783401839.1528776,1783401839.1523712,0.5064010620117188,46.73910140991211,1,466
1783401839.1996427,1783401839.1986403,1.0023117065429688,46.76508903503418,1,473
1783401839.2493846,1783401839.2493846,0.0,49.74198341369629,1,473
1783401839.296893,1783401839.29589,1.0027885437011719,47.50823974609375,1,474
1783401839.3396678,1783401839.3396678,0.0,42.77491569519043,1,482
1783401839.3865106,1783401839.3855119,0.9987354278564453,46.84281349182129,1,466
1783401839.4329371,1783401839.4324305,0.5066394805908203,46.42653465270996,1,474
1783401839.479978,1783401839.478974,1.0039806365966797,47.04093933105469,1,482
1783401839.5261211,1783401839.5261211,0.0,46.1430549621582,1,465
1783401839.577166,1783401839.5761628,1.003265380859375,51.04494094848633,1,464
1783401839.6196828,1783401839.6196828,0.0,42.51670837402344,1,471
1783401839.6706834,1783401839.669683,1.0004043579101562,51.00059509277344,1,473
1783401839.716811,1783401839.716811,0.0,46.1275577545166,1,464
1783401839.763598,1783401839.763598,0.0,46.78702354431152,1,465
1783401839.8142426,1783401839.8131742,1.0683536529541016,50.644636154174805,1,474
1783401839.8613708,1783401839.8613708,0.0,47.12820053100586,1,465
1783401839.9040608,1783401839.9032588,0.8020401000976562,42.69003868103027,1,475
1783401839.9504128,1783401839.9504128,0.0,46.35190963745117,1,473
1783401839.9968693,1783401839.9968693,0.0,46.45657539367676,1,468
1783401840.0446026,1783401840.043597,1.0056495666503906,47.733306884765625,1,473
1783401840.0949051,1783401840.0939064,0.9987354278564453,50.30250549316406,1,473
1783401840.1370804,1783401840.1370804,0.0,42.17529296875,1,463
1783401840.1840012,1783401840.183269,0.7321834564208984,46.9207763671875,1,463
1783401840.2303624,1783401840.2303624,0.0,46.36120796203613,1,475
1783401840.2805407,1783401840.2805407,0.0,50.17828941345215,1,466
1783401840.3246121,1783401840.323605,1.007080078125,44.07143592834473,1,463
1783401840.3712218,1783401840.3712218,0.0,46.60964012145996,1,473
1783401840.4179747,1783401840.4169743,1.0004043579101562,46.7529296875,1,464
1783401840.4640837,1783401840.4640837,0.0,46.10896110534668,1,463
1783401840.514884,1783401840.514884,0.0,50.800323486328125,1,471
1783401840.5606554,1783401840.5606554,0.0,45.77136039733887,1,473
1783401840.604525,1783401840.604525,0.0,43.869733810424805,1,464
1783401840.6511347,1783401840.6511347,0.0,46.60964012145996,1,464
1783401840.70076,1783401840.70076,0.0,49.62515830993652,1,470
1783401840.7442517,1783401840.7442517,0.0,43.49184036254883,1,474
1783401840.7912161,1783401840.7912161,0.0,46.964406967163086,1,465
1783401840.8419955,1783401840.840993,1.0025501251220703,50.77934265136719,1,473
1783401840.8887076,1783401840.8877063,1.0013580322265625,46.71216011047363,1,468
1783401840.9350247,1783401840.9350247,0.0,46.317100524902344,1,471
1783401840.9821274,1783401840.9811263,1.001119613647461,47.10268974304199,1,464
1783401841.0278745,1783401841.0278745,0.0,45.74704170227051,1,463
1783401841.079611,1783401841.0786111,0.9999275207519531,51.73659324645996,1,465
1783401841.125705,1783401841.125705,0.0,46.09394073486328,1,464
1783401841.1689548,1783401841.167956,0.9987354278564453,43.24984550476074,1,464
1783401841.2153428,1783401841.214339,1.0037422180175781,46.38791084289551,1,468
1783401841.2620034,1783401841.2620034,0.0,46.660661697387695,1,466
1783401841.3087885,1783401841.3087885,0.0,46.78511619567871,1,468
1783401841.3598776,1783401841.3588817,0.9958744049072266,51.08904838562012,1,479
1783401841.401344,1783401841.401344,0.0,41.466474533081055,1,476
1783401841.4485812,1783401841.4485812,0.0,47.23715782165527,1,478
1783401841.4949596,1783401841.4949596,0.0,46.378374099731445,1,478
1783401841.5458589,1783401841.5458589,0.0,50.89926719665527,1,464
1783401841.588658,1783401841.588658,0.0,42.79923439025879,1,473
1783401841.6361058,1783401841.6351018,1.0039806365966797,47.44768142700195,1,467
1783401841.6828892,1783401841.6823678,0.5214214324951172,46.783447265625,1,475
1783401841.7289758,1783401841.7289758,0.0,46.08654975891113,1,469
1783401841.7789774,1783401841.7789774,0.0,50.00162124633789,1,478
1783401841.8259377,1783401841.8259377,0.0,46.96035385131836,1,476
1783401841.8776226,1783401841.8776226,0.0,51.68485641479492,1,467
1783401841.9239335,1783401841.9229279,1.0056495666503906,46.3109016418457,1,467
1783401841.9663146,1783401841.9663146,0.0,42.38104820251465,1,474
1783401842.0136309,1783401842.012892,0.7388591766357422,47.31631278991699,1,475
1783401842.0595868,1783401842.0595868,0.0,45.95589637756348,1,468
1783401842.1066477,1783401842.1066477,0.0,47.06096649169922,1,476
1783401842.1531322,1783401842.1531322,0.0,46.48447036743164,1,474
1783401842.2006404,1783401842.199641,0.99945068359375,47.50823974609375,1,465
1783401842.2468646,1783401842.2458591,1.005411148071289,46.224117279052734,1,476
1783401842.2928605,1783401842.2928605,0.0,45.99595069885254,1,475
1783401842.3437922,1783401842.3437922,0.0,50.931692123413086,1,467
1783401842.390879,1783401842.3898814,0.9975433349609375,47.08671569824219,1,473
1783401842.433038,1783401842.433038,0.0,42.159080505371094,1,467
1783401842.4802692,1783401842.4792664,1.0027885437011719,47.231197357177734,1,468
1783401842.5261097,1783401842.5261097,0.0,45.84050178527832,1,475
1783401842.5739653,1783401842.5729613,1.0039806365966797,47.85561561584473,1,467
1783401842.6236632,1783401842.6236632,0.0,49.6978759765625,1,468
1783401842.6677175,1783401842.6667168,1.0006427764892578,44.054269790649414,1,476
1783401842.7131488,1783401842.7131488,0.0,45.43137550354004,1,466
1783401842.7639742,1783401842.7639742,0.0,50.82535743713379,1,466
1783401842.8108807,1783401842.8108807,0.0,46.906471252441406,1,465
1783401842.8573992,1783401842.8573992,0.0,46.518564224243164,1,483
1783401842.9006798,1783401842.9006798,0.0,43.280601501464844,1,470
1783401842.947841,1783401842.947841,0.0,47.161102294921875,1,464
1783401842.9945397,1783401842.9945397,0.0,46.698808670043945,1,476
1783401843.0448904,1783401843.0438905,0.9999275207519531,50.35066604614258,1,467
1783401843.0913658,1783401843.0903635,1.0023117065429688,46.47541046142578,1,468
1783401843.1409252,1783401843.1409252,0.0,49.55935478210449,1,485
1783401843.1891956,1783401843.1881938,1.0018348693847656,48.270463943481445,1,480
1783401843.2322917,1783401843.2307847,1.5070438385009766,43.096065521240234,1,470
1783401843.2778797,1783401843.2778797,0.0,45.588016510009766,1,489
1783401843.3253183,1783401843.3243172,1.001119613647461,47.438621520996094,1,476
1783401843.3721607,1783401843.3711603,1.0004043579101562,46.842336654663086,1,484
1783401843.4188263,1783401843.41783,0.9963512420654297,46.66566848754883,1,480
1783401843.4652317,1783401843.4642327,0.9989738464355469,46.40531539916992,1,484
1783401843.512105,1783401843.5111022,1.0027885437011719,46.87333106994629,1,477
1783401843.557682,1783401843.557682,0.0,45.577049255371094,1,472
1783401843.6095848,1783401843.6085851,0.9996891021728516,51.90277099609375,1,481
1783401843.655647,1783401843.655647,0.0,46.06223106384277,1,472
1783401843.6989756,1783401843.6979685,1.007080078125,43.32852363586426,1,475
1783401843.7448976,1783401843.7448976,0.0,45.922040939331055,1,490
1783401843.7930954,1783401843.7920878,1.0075569152832031,48.19774627685547,1,473
1783401843.8398726,1783401843.8388748,0.9977817535400391,46.77724838256836,1,473
1783401843.8896253,1783401843.888628,0.9973049163818359,49.75271224975586,1,489
1783401843.9360964,1783401843.9350965,0.9999275207519531,46.47111892700195,1,475
1783401843.9869893,1783401843.9859889,1.0004043579101562,50.89282989501953,1,476
1783401844.0285082,1783401844.0285082,0.0,41.5189266204834,1,493
1783401844.0764072,1783401844.075407,1.0001659393310547,47.89900779724121,1,478
1783401844.1221082,1783401844.1221082,0.0,45.701026916503906,1,474
1783401844.173141,1783401844.173141,0.0,51.03278160095215,1,475
1783401844.215246,1783401844.215246,0.0,42.10495948791504,1,473
1783401844.2631004,1783401844.2620957,1.0046958923339844,47.85442352294922,1,485
1783401844.3095484,1783401844.308546,1.0023117065429688,46.4479923248291,1,480
1783401844.356623,1783401844.3556263,0.9965896606445312,47.07455635070801,1,474
1783401844.4072187,1783401844.4062197,0.9989738464355469,50.595760345458984,1,474
1783401844.453863,1783401844.4533315,0.5314350128173828,46.64421081542969,1,475
1783401844.4960349,1783401844.4960349,0.0,42.17195510864258,1,481
1783401844.5433683,1783401844.5433683,0.0,47.333478927612305,1,484
1783401844.5897229,1783401844.5897229,0.0,46.35453224182129,1,481
1783401844.6373007,1783401844.636298,1.0027885437011719,47.577857971191406,1,473
1783401844.6834438,1783401844.6834438,0.0,46.1430549621582,1,482
1783401844.7309766,1783401844.7299786,0.9980201721191406,47.53279685974121,1,472
1783401844.7775428,1783401844.7765448,0.9980201721191406,46.56624794006348,1,473
1783401844.8232393,1783401844.8232393,0.0,45.69649696350098,1,474
1783401844.874933,1783401844.873933,0.9999275207519531,51.69367790222168,1,472
1783401844.92201,1783401844.9205053,1.504659652709961,47.07694053649902,1,470
1783401844.9634047,1783401844.9634047,0.0,41.394710540771484,1,467
1783401845.011325,1783401845.0103223,1.0025501251220703,47.92022705078125,1,469
1783401845.057934,1783401845.0569298,1.0042190551757812,46.60916328430176,1,478
1783401845.1046085,1783401845.1036026,1.0058879852294922,46.674489974975586,1,472
1783401845.1552172,1783401845.1542175,0.9996891021728516,50.60863494873047,1,471
1783401845.200543,1783401845.200543,0.0,45.32575607299805,1,471
1783401845.2522845,1783401845.2505875,1.6970634460449219,51.741600036621094,1,480
1783401845.2953033,1783401845.2941153,1.188039779663086,43.01881790161133,1,479
1783401845.3414052,1783401845.3414052,0.0,46.10180854797363,1,473
1783401845.3880265,1783401845.3880265,0.0,46.62132263183594,1,485
1783401845.4385724,1783401845.4385724,0.0,50.54593086242676,1,469
1783401845.482141,1783401845.481142,0.9989738464355469,43.56861114501953,1,477
1783401845.5281906,1783401845.5281906,0.0,46.04959487915039,1,476
1783401845.5749934,1783401845.5749934,0.0,46.80275917053223,1,470
1783401845.622321,1783401845.6208177,1.5032291412353516,47.327518463134766,1,472
1783401845.6722584,1783401845.6722584,0.0,49.93748664855957,1,470
1783401845.719006,1783401845.719006,0.0,46.747684478759766,1,479
1783401845.7611864,1783401845.7611864,0.0,42.18029975891113,1,489
1783401845.808377,1783401845.808377,0.0,47.19066619873047,1,469
1783401845.8547945,1783401845.8547945,0.0,46.4174747467041,1,473
1783401845.90084,1783401845.90084,0.0,46.045541763305664,1,470
1783401845.9495225,1783401845.948016,1.5065670013427734,48.682451248168945,1,475
1783401845.9955812,1783401845.9955812,0.0,46.05865478515625,1,475
1783401846.0432482,1783401846.0422406,1.0075569152832031,47.66702651977539,1,474
1783401846.0887313,1783401846.0887313,0.0,45.48311233520508,1,477
1783401846.139969,1783401846.139969,0.0,51.23782157897949,1,465
1783401846.1862965,1783401846.1862965,0.0,46.32735252380371,1,475
1783401846.2289355,1783401846.2289355,0.0,42.63901710510254,1,474
1783401846.2839332,1783401846.2831655,0.7677078247070312,54.99768257141113,1,465
1783401846.3265102,1783401846.3265102,0.0,42.57702827453613,1,466
1783401846.370187,1783401846.3691869,1.0001659393310547,43.67685317993164,1,472
1783401846.420518,1783401846.4195206,0.9973049163818359,50.33087730407715,1,466
1783401846.4665546,1783401846.4665546,0.0,46.036720275878906,1,467
1783401846.5179858,1783401846.5169883,0.9975433349609375,51.43117904663086,1,474
1783401846.5594597,1783401846.5594597,0.0,41.4738655090332,1,466
1783401846.607029,1783401846.6060278,1.001119613647461,47.56927490234375,1,474
1783401846.6529999,1783401846.6529999,0.0,45.970916748046875,1,475
1783401846.7043498,1783401846.7033439,1.0058879852294922,51.34987831115723,1,474
1783401846.7467258,1783401846.7457232,1.0025501251220703,42.376041412353516,1,467
1783401846.7936635,1783401846.7936635,0.0,46.93770408630371,1,466
1783401846.8396475,1783401846.8396475,0.0,45.98402976989746,1,462
1783401846.8872433,1783401846.8862445,0.9987354278564453,47.59573936462402,1,463
1783401846.9372444,1783401846.9372444,0.0,50.00114440917969,1,474
1783401846.9848187,1783401846.9838157,1.0030269622802734,47.57428169250488,1,475
1783401847.0268319,1783401847.0268319,0.0,42.01316833496094,1,466
1783401847.0737042,1783401847.0737042,0.0,46.87237739562988,1,475
1783401847.1205075,1783401847.1195097,0.9977817535400391,46.80323600769043,1,473
1783401847.167969,1783401847.1669662,1.0027885437011719,47.461509704589844,1,474
1783401847.213593,1783401847.213593,0.0,45.6240177154541,1,467
1783401847.2647197,1783401847.2637138,1.0058879852294922,51.126718521118164,1,466
1783401847.3075511,1783401847.3075511,0.0,42.8314208984375,1,465
1783401847.3566296,1783401847.3566296,0.0,49.07846450805664,1,466
1783401847.404214,1783401847.404214,0.0,47.58429527282715,1,475
1783401847.4510975,1783401847.4510975,0.0,46.883583068847656,1,466
1783401847.5021381,1783401847.501141,0.9970664978027344,51.0406494140625,1,475
1783401847.5484455,1783401847.5484455,0.0,46.30732536315918,1,465
1783401847.5905597,1783401847.5905597,0.0,42.1142578125,1,465
1783401847.6348443,1783401847.6348443,0.0,44.28458213806152,1,464
1783401847.6846995,1783401847.6846995,0.0,49.85523223876953,1,474
1783401847.7321796,1783401847.7321796,0.0,47.480106353759766,1,467
1783401847.7829554,1783401847.7829554,0.0,50.775766372680664,1,465
1783401847.8256912,1783401847.8256912,0.0,42.73581504821777,1,465
1783401847.8720448,1783401847.8720448,0.0,46.35357856750488,1,473
1783401847.9191854,1783401847.9191854,0.0,47.14059829711914,1,481
1783401847.9696438,1783401847.9696438,0.0,50.458431243896484,1,467
1783401848.0129387,1783401848.0124147,0.5240440368652344,43.29490661621094,1,466
1783401848.0590036,1783401848.0590036,0.0,46.06485366821289,1,467
1783401848.105844,1783401848.105844,0.0,46.84042930603027,1,465
1783401848.1530735,1783401848.1520667,1.0068416595458984,47.22952842712402,1,461
1783401848.2035482,1783401848.2035482,0.0,50.47464370727539,1,465
1783401848.2504392,1783401848.2494361,1.0030269622802734,46.890974044799805,1,472
1783401848.2931576,1783401848.2931576,0.0,42.71841049194336,1,473
1783401848.340099,1783401848.3391016,0.9975433349609375,46.941518783569336,1,478
1783401848.3865983,1783401848.3865983,0.0,46.49925231933594,1,472
1783401848.433337,1783401848.433337,0.0,46.738624572753906,1,466
1783401848.4808967,1783401848.4798958,1.0008811950683594,47.55973815917969,1,467
1783401848.5273225,1783401848.526322,1.0006427764892578,46.425819396972656,1,472
1783401848.5740936,1783401848.5733452,0.7483959197998047,46.77104949951172,1,464
1783401848.6202817,1783401848.6202817,0.0,46.1881160736084,1,461
1783401848.6721752,1783401848.6711743,1.0008811950683594,51.89347267150879,1,474
1783401848.718247,1783401848.717247,0.9999275207519531,46.071767807006836,1,473
1783401848.7606585,1783401848.7606585,0.0,42.41156578063965,1,474
1783401848.8079348,1783401848.8069346,1.0001659393310547,47.27625846862793,1,477
1783401848.8557565,1783401848.8547554,1.001119613647461,47.821760177612305,1,464
1783401848.902429,1783401848.9014287,1.0004043579101562,46.67258262634277,1,469
1783401848.9520814,1783401848.9520814,0.0,49.6523380279541,1,474
1783401848.9948466,1783401848.9948466,0.0,42.765140533447266,1,465
1783401849.0429995,1783401849.041991,1.0085105895996094,48.152923583984375,1,461
1783401849.0921519,1783401849.0921519,0.0,49.152374267578125,1,473
1783401849.1403098,1783401849.1393092,1.0006427764892578,48.15793037414551,1,465
1783401849.1829247,1783401849.1824055,0.5192756652832031,42.61493682861328,1,465
1783401849.229585,1783401849.2285852,0.9996891021728516,46.66018486022949,1,473
1783401849.2754626,1783401849.2754626,0.0,45.877695083618164,1,467
1783401849.3237226,1783401849.3229265,0.7960796356201172,48.25997352600098,1,474
1783401849.3739035,1783401849.3731265,0.7770061492919922,50.180912017822266,1,465
1783401849.4200804,1783401849.4200804,0.0,46.176910400390625,1,473
1783401849.4712145,1783401849.4707081,0.5064010620117188,51.13410949707031,1,481
1783401849.510112,1783401849.510112,0.0,38.89751434326172,1,482
1783401849.56004,1783401849.56004,0.0,49.92794990539551,1,472
1783401849.6072206,1783401849.6072206,0.0,47.1806526184082,1,475
1783401849.6538956,1783401849.6538956,0.0,46.67496681213379,1,477
1783401849.700565,1783401849.700565,0.0,46.66948318481445,1,469
1783401849.7444713,1783401849.7444713,0.0,43.906211853027344,1,465
1783401849.794663,1783401849.794663,0.0,50.191640853881836,1,471
1783401849.8405383,1783401849.8405383,0.0,45.87531089782715,1,470
1783401849.8882039,1783401849.8882039,0.0,47.66559600830078,1,462
1783401849.9378269,1783401849.9368272,0.9996891021728516,49.62301254272461,1,463
1783401849.985771,1783401849.985771,0.0,47.944068908691406,1,461
1783401850.0289414,1783401850.0289414,0.0,43.17045211791992,1,464
1783401850.0728598,1783401850.072353,0.5068778991699219,43.91837120056152,1,465
1783401850.1228423,1783401850.1228423,0.0,49.982547760009766,1,469
1783401850.1697297,1783401850.1687288,1.0008811950683594,46.88739776611328,1,461
1783401850.2196531,1783401850.2196531,0.0,49.92341995239258,1,461
1783401850.2636032,1783401850.263096,0.5071163177490234,43.95008087158203,1,475
1783401850.3093195,1783401850.3093195,0.0,45.716285705566406,1,459
1783401850.3564832,1783401850.3564832,0.0,47.16372489929199,1,465
1783401850.4067433,1783401850.4067433,0.0,50.260066986083984,1,470
1783401850.4496,1783401850.4496,0.0,42.856693267822266,1,471
1783401850.497006,1783401850.496005,1.0008811950683594,47.40595817565918,1,465
1783401850.5441587,1783401850.5434723,0.6864070892333984,47.15275764465332,1,472
1783401850.5910797,1783401850.5900803,0.99945068359375,46.9210147857666,1,471
1783401850.6405022,1783401850.6405022,0.0,49.422502517700195,1,465
1783401850.688693,1783401850.6876945,0.9984970092773438,48.19083213806152,1,473
1783401850.73035,1783401850.73035,0.0,41.6569709777832,1,469
1783401850.7774575,1783401850.776457,1.0004043579101562,47.10745811462402,1,473
1783401850.8246272,1783401850.8236196,1.0075569152832031,47.16968536376953,1,464
1783401850.8720078,1783401850.870502,1.5058517456054688,47.380685806274414,1,468
1783401850.9181798,1783401850.9166725,1.5072822570800781,46.17190361022949,1,460
1783401850.9641576,1783401850.9641576,0.0,45.97783088684082,1,470
1783401851.0122263,1783401851.0112286,0.9977817535400391,48.06876182556152,1,471
1783401851.058094,1783401851.058094,0.0,45.8676815032959,1,472
1783401851.109347,1783401851.1083403,1.0068416595458984,51.25308036804199,1,473
1783401851.15607,1783401851.155072,0.9980201721191406,46.7228889465332,1,461
1783401851.198405,1783401851.198405,0.0,42.33503341674805,1,462
1783401851.2459607,1783401851.2449586,1.0020732879638672,47.55568504333496,1,472
1783401851.292879,1783401851.292373,0.5061626434326172,46.918392181396484,1,468
1783401851.3390176,1783401851.3390176,0.0,46.13852500915527,1,462
1783401851.389918,1783401851.389918,0.0,50.90045928955078,1,470
1783401851.4321814,1783401851.4321814,0.0,42.26326942443848,1,460
1783401851.479552,1783401851.479552,0.0,47.37067222595215,1,469
1783401851.5292683,1783401851.5292683,0.0,49.71623420715332,1,461
1783401851.5766122,1783401851.5756102,1.0020732879638672,47.34396934509277,1,468
1783401851.6223104,1783401851.6223104,0.0,45.69816589355469,1,464
1783401851.6739,1783401851.672895,1.004934310913086,51.5894889831543,1,469
1783401851.7152822,1783401851.7152822,0.0,41.3823127746582,1,471
1783401851.763703,1783401851.7621927,1.5103816986083984,48.42090606689453,1,469
1783401851.8098085,1783401851.8098085,0.0,46.105384826660156,1,462
1783401851.8572466,1783401851.8562467,0.9999275207519531,47.43814468383789,1,469
1783401851.9067097,1783401851.9067097,0.0,49.46303367614746,1,472
1783401851.9546077,1783401851.953601,1.0068416595458984,47.898054122924805,1,467
1783401851.9962506,1783401851.9962506,0.0,41.64290428161621,1,468
1783401852.0436502,1783401852.0436502,0.0,47.39952087402344,1,469
1783401852.0905414,1783401852.0895338,1.0075569152832031,46.891212463378906,1,467
1783401852.1372075,1783401852.1372075,0.0,46.66614532470703,1,462
1783401852.1840897,1783401852.1830816,1.0080337524414062,46.88215255737305,1,468
1783401852.2312202,1783401852.2312202,0.0,47.130584716796875,1,484
1783401852.2778823,1783401852.2778823,0.0,46.662092208862305,1,467
1783401852.3248374,1783401852.3248374,0.0,46.955108642578125,1,465
1783401852.37573,1783401852.37573,0.0,50.89259147644043,1,483
1783401852.4221087,1783401852.4221087,0.0,46.37861251831055,1,465
1783401852.464604,1783401852.464604,0.0,42.4952507019043,1,469
1783401852.510728,1783401852.510728,0.0,46.12398147583008,1,462
1783401852.5581656,1783401852.5581656,0.0,47.43766784667969,1,465
1783401852.6056335,1783401852.6046326,1.0008811950683594,47.467947006225586,1,460
1783401852.6552637,1783401852.6552637,0.0,49.630165100097656,1,462
1783401852.6987102,1783401852.69771,1.0001659393310547,43.44654083251953,1,460
1783401852.7448504,1783401852.7448504,0.0,46.140193939208984,1,467
1783401852.7957883,1783401852.7957883,0.0,50.93789100646973,1,471
1783401852.8387833,1783401852.8387833,0.0,42.99497604370117,1,465
1783401852.8857179,1783401852.8857179,0.0,46.93460464477539,1,473
1783401852.9330266,1783401852.9325204,0.5061626434326172,47.30868339538574,1,473
1783401852.980182,1783401852.979182,0.9999275207519531,47.15538024902344,1,470
1783401853.026657,1783401853.0256162,1.0409355163574219,46.47517204284668,1,464
1783401853.0779345,1783401853.076938,0.9965896606445312,51.27739906311035,1,470
1783401853.123566,1783401853.123566,0.0,45.63140869140625,1,464
1783401853.1752565,1783401853.1742594,0.9970664978027344,51.69057846069336,1,467
1783401853.213301,1783401853.213301,0.0,38.04445266723633,1,471
1783401853.2643702,1783401853.2643702,0.0,51.06925964355469,1,476
1783401853.3071315,1783401853.3071315,0.0,42.76132583618164,1,476
1783401853.3542075,1783401853.3542075,0.0,47.07598686218262,1,477
1783401853.4041688,1783401853.4041688,0.0,49.96132850646973,1,476
1783401853.4478157,1783401853.4478157,0.0,43.646812438964844,1,466
1783401853.4976964,1783401853.4966958,1.0006427764892578,49.8807430267334,1,469
1783401853.5446067,1783401853.5446067,0.0,46.91028594970703,1,470
1783401853.5909607,1783401853.5909607,0.0,46.354055404663086,1,474
1783401853.6421342,1783401853.6421342,0.0,51.17344856262207,1,476
1783401853.68828,1783401853.68828,0.0,46.14591598510742,1,468
1783401853.728853,1783401853.728853,0.0,40.5728816986084,1,465
1783401853.7775488,1783401853.7775488,0.0,48.69580268859863,1,466
1783401853.8257022,1783401853.824701,1.001119613647461,48.15340042114258,1,461
1783401853.8730829,1783401853.8725774,0.5054473876953125,47.380685806274414,1,474
1783401853.9236066,1783401853.9228787,0.7278919219970703,50.52375793457031,1,467
1783401853.9653254,1783401853.9653254,0.0,41.71872138977051,1,475
1783401854.0132122,1783401854.012207,1.0051727294921875,47.88684844970703,1,465
1783401854.0588539,1783401854.0588539,0.0,45.64166069030762,1,475
1783401854.1107185,1783401854.1097193,0.9992122650146484,51.8646240234375,1,482
1783401854.153122,1783401854.1521177,1.0042190551757812,42.403459548950195,1,465
1783401854.200462,1783401854.1994562,1.0058879852294922,47.34015464782715,1,464
1783401854.2457733,1783401854.2457733,0.0,45.31121253967285,1,473
1783401854.2930813,1783401854.2930813,0.0,47.30796813964844,1,462
1783401854.3435895,1783401854.3435895,0.0,50.50826072692871,1,462
1783401854.3904915,1783401854.3904915,0.0,46.90194129943848,1,463
1783401854.4330623,1783401854.4330623,0.0,42.57082939147949,1,471
1783401854.4801936,1783401854.4801936,0.0,47.13129997253418,1,462
1783401854.5268314,1783401854.5268314,0.0,46.637773513793945,1,470
1783401854.5745423,1783401854.5745423,0.0,47.71089553833008,1,479
1783401854.620954,1783401854.620954,0.0,46.411752700805664,1,458
1783401854.6684334,1783401854.6674368,0.9965896606445312,47.47939109802246,1,462
1783401854.715176,1783401854.7141707,1.005411148071289,46.74267768859863,1,470
1783401854.762384,1783401854.7613854,0.9984970092773438,47.20783233642578,1,466
1783401854.812232,1783401854.812232,0.0,49.848079681396484,1,468
1783401854.8596952,1783401854.8586943,1.0008811950683594,47.463178634643555,1,470
1783401854.9022124,1783401854.900705,1.5072822570800781,42.51718521118164,1,460
1783401854.949204,1783401854.9482048,0.9992122650146484,46.991586685180664,1,461
1783401854.9958904,1783401854.9948926,0.9977817535400391,46.686410903930664,1,469
1783401855.0431461,1783401855.0421371,1.0089874267578125,47.255754470825195,1,469
1783401855.0931847,1783401855.0931847,0.0,50.03857612609863,1,462
1783401855.1360073,1783401855.1360073,0.0,42.82259941101074,1,472
1783401855.1832697,1783401855.182261,1.008749008178711,47.26243019104004,1,471
1783401855.229674,1783401855.229674,0.0,46.404361724853516,1,471
1783401855.280108,1783401855.280108,0.0,50.43387413024902,1,471
1783401855.3233001,1783401855.3233001,0.0,43.192148208618164,1,464
1783401855.3710272,1783401855.3700266,1.0006427764892578,47.727108001708984,1,461
1783401855.417811,1783401855.4168105,1.0004043579101562,46.7836856842041,1,461
1783401855.4635415,1783401855.4630342,0.507354736328125,45.7305908203125,1,460
1783401855.514594,1783401855.5135858,1.0082721710205078,51.05257034301758,1,465
1783401855.5612774,1783401855.560277,1.0004043579101562,46.683311462402344,1,471
1783401855.6067395,1783401855.6067395,0.0,45.46213150024414,1,464
1783401855.6509504,1783401855.6509504,0.0,44.21091079711914,1,462
1783401855.7010868,1783401855.7010868,0.0,50.13632774353027,1,473
1783401855.7472353,1783401855.7472353,0.0,46.14853858947754,1,462
1783401855.7945938,1783401855.7935889,1.004934310913086,47.35851287841797,1,463
1783401855.8409367,1783401855.8394303,1.5063285827636719,46.34284973144531,1,463
1783401855.8879745,1783401855.8869734,1.001119613647461,47.03783988952637,1,469
1783401855.934585,1783401855.9335785,1.0066032409667969,46.61059379577637,1,462
1783401855.980838,1783401855.9798398,0.9982585906982422,46.25296592712402,1,462
1783401856.0271106,1783401856.0271106,0.0,46.27251625061035,1,473
1783401856.0788074,1783401856.0778103,0.9970664978027344,51.69677734375,1,463
1783401856.1247535,1783401856.1247535,0.0,45.94612121582031,1,464
1783401856.1678004,1783401856.166794,1.0063648223876953,43.04695129394531,1,462
1783401856.2137866,1783401856.2137866,0.0,45.986175537109375,1,460
1783401856.2614794,1783401856.2604795,0.9999275207519531,47.69277572631836,1,461
1783401856.3066752,1783401856.3066752,0.0,45.195817947387695,1,464
1783401856.3583958,1783401856.3573964,0.99945068359375,51.720619201660156,1,471
1783401856.404627,1783401856.4036195,1.0075569152832031,46.23126983642578,1,465
